[1,["3e12a10f-7420-4f16-a86e-e187ba4b015b","495cf33b-008c-4822-91eb-9791bc54c493@6c48a","d1346436-ac96-4271-b863-1f4fdead95b0"],["root","_particleSystem","data","_cpuMaterial","_mainTexture","mainTexture","_effectAsset"],[["cc.CurveRange",["mode","constant","constantMin","constantMax","spline"],-1,4],["cc.RealKeyframeValue",["interpolationMode","value","rightTangentWeight","leftTangentWeight","rightTangent","leftTangent","tangentWeightMode"],-4],["cc.GradientRange",["_mode","gradient"],2,4],["cc.Gradient",["alphaKeys","colorKeys"],3,9,9],["cc.ColorKey",["time","color"],2,5],["cc.AlphaKey",["alpha","time"],1],["cc.Prefab",["_name"],2],["cc.Node",["_name","_active","_components","_prefab","_lpos"],1,2,4,5],["cc.PrefabInfo",["fileId","instance","nestedPrefabInstanceRoots","targetOverrides","root","asset"],-1,1,1],["cc.ParticleSystem",["duration","loop","playOnAwake","_simulationSpace","node","__prefab","_materials","startColor","startSizeX","startSizeY","startSizeZ","startSpeed","startRotationX","startRotationY","startRotationZ","startDelay","startLifetime","gravityModifier","rateOverTime","rateOverDistance","bursts","_colorOverLifetimeModule","_shapeModule","_sizeOvertimeModule","_velocityOvertimeModule","_forceOvertimeModule","_limitVelocityOvertimeModule","_rotationOvertimeModule","_textureAnimationModule","_noiseModule","_trailModule","renderer"],-1,1,4,12,4,4,4,4,4,4,4,4,4,4,4,4,4,9,4,4,4,4,4,4,4,4,4,4,4],["cc.CompPrefabInfo",["fileId"],2],["cc.Burst",["count"],3,4],["cc.ColorOvertimeModule",["_enable","color"],2,4],["cc.ShapeModule",["_enable","_shapeType","arcSpeed"],1,4],["cc.SizeOvertimeModule",["_enable","size","x","y","z"],2,4,4,4,4],["cc.RealCurve",["_times","_values"],2,9],["cc.VelocityOvertimeModule",["_enable","x","y","z","speedModifier"],2,4,4,4,4],["cc.ForceOvertimeModule",["x","y","z"],3,4,4,4],["cc.LimitVelocityOvertimeModule",["limitX","limitY","limitZ","limit"],3,4,4,4,4],["cc.RotationOvertimeModule",["x","y","z"],3,4,4,4],["cc.TextureAnimationModule",["frameOverTime","startFrame"],3,4,4],["cc.NoiseModule",["_enable","_noiseSpeedX","_noiseSpeedY","_noiseSpeedZ","_noiseFrequency"],-2],["cc.TrailModule",["lifeTime","widthRatio","colorOverTrail","colorOvertime","_particleSystem"],3,4,4,4,4,1],["cc.ParticleSystemRenderer",["_cpuMaterial","_mainTexture"],3,6,6],["cc.Material",["_name","_techIdx","_states","_defines","_props"],-1,12]],[[0,1],[4,0,1,2],[0,1,2],[2,0,1,2],[2,1],[5,0,2],[0,0,2,3,4],[0,0,4,2],[15,0,1,2],[1,0,1,3],[6,0,2],[7,0,1,2,3,4,3],[8,0,1,2,3,4,5,5],[9,0,1,2,3,4,5,6,7,8,9,10,11,12,13,14,15,16,17,18,19,20,21,22,23,24,25,26,27,28,29,30,31,5],[10,0,2],[3,1,0,1],[3,0,1],[4,1,1],[5,0,1,3],[11,0,1],[12,0,1,2],[13,0,1,2,3],[14,0,1,2,3,4,2],[1,0,1,2,3,5],[1,0,6,1,4,2,5,3,8],[1,4,2,5,3,5],[16,0,1,2,3,4,2],[17,0,1,2,1],[18,0,1,2,3,1],[19,0,1,2,1],[20,0,1,1],[21,0,1,2,3,4,6],[22,0,1,2,3,4,1],[23,0,1,1],[24,0,1,2,3,4,5]],[[[[10,"Particle1"],[11,"Particle1",false,[-2],[12,"9fP8eLvJpMWbNKefDhEY8H",null,null,[],-1,0],[1,-2.952,0.09,0]],[13,2,false,false,0,1,[14,"2fNY05bUVEUJx4fin1MyCh"],[[0,null],6,0],[3,4,[15,[[17,[4,4278190335]],[1,0.13380281690140844,[4,4278223103]],[1,0.27699530516431925,[4,4278255615]],[1,0.42018779342723006,[4,4278255360]],[1,0.5657276995305164,[4,4294967040]],[1,0.7582159624413145,[4,4294901760]],[1,1,[4,4294901888]]],[[5,255]]]],[2,0.5],[0],[0],[6,3,20,35],[0],[0],[0],[0],[6,3,1,2],[0],[0],[0],[[19,[2,150]]],[20,true,[3,1,[16,[[5,255],[18,0,1]]]]],[21,true,3,[2,1]],[22,true,[7,1,[8,[0,0.6658536585365854,1],[[23,2,1,0.22195121951219512,1],[24,2,3,0.75,-1.0466073781291165,0.3001008268357792,-1.0466073781291165,0.16240750628759817],[25,-2.2445255474452557,1,-2.2445255474452557,0.27368956004799483]]]],[0],[0],[0]],[26,true,[0],[0],[2,5],[2,1]],[27,[0],[0],[0]],[28,[0],[0],[0],[0]],[29,[0],[0],[0]],[30,[7,1,[8,[0,1],[[9,2,1],[9,2,1]]]],[0]],[31,true,5,5,5,0.1],[32,[2,1],[0],[4],[4],-3],[33,1,2]]],0,[0,0,1,0,-1,2,0,1,2,0,2,1,3],[0,0,0],[-1,3,4],[0,0,1]],[[[34,"particle",1,[{"priority":100,"rasterizerState":{},"depthStencilState":{"depthWrite":true},"blendState":{"targets":[{}]}},{"rasterizerState":{},"depthStencilState":{},"blendState":{"targets":[{}]}}],[{},{}],[[[{},"mainTexture",6,0],{}],11,0]]],0,0,[0,0],[5,6],[1,2]]]]
